index,true,pred,confidence
3,bkl,akiec,0.5349859
4,bkl,df,0.19858468
7,bkl,df,0.43732426
10,bkl,df,0.39429504
12,bkl,vasc,0.23613647
24,bkl,bcc,0.41600478
27,bkl,df,0.48626405
28,bkl,bkl,0.34021184
67,bkl,df,0.34208164
75,bkl,vasc,0.44191733
86,bkl,bkl,0.3645105
89,bkl,df,0.39446947
90,bkl,bkl,0.65274954
97,bkl,bkl,0.44610617
104,bkl,bkl,0.36658978
106,bkl,vasc,0.23574035
107,bkl,mel,0.32271233
109,bkl,bcc,0.26731977
111,bkl,bkl,0.25556925
113,bkl,bkl,0.4170051
118,bkl,vasc,0.3458822
133,bkl,mel,0.34873098
134,bkl,bkl,0.24674454
141,bkl,bkl,0.24091223
157,bkl,bkl,0.32918167
159,bkl,bkl,0.27515554
173,bkl,df,0.447622
182,bkl,bkl,0.3254013
194,bkl,mel,0.2896208
196,bkl,vasc,0.5022423
198,bkl,vasc,0.32383308
202,bkl,mel,0.36077413
214,bkl,bkl,0.39623222
216,bkl,df,0.2687407
218,bkl,df,0.31008238
228,bkl,mel,0.43450773
229,bkl,bkl,0.3537364
231,bkl,bkl,0.45450512
239,bkl,bkl,0.34627405
244,bkl,df,0.28727603
249,bkl,mel,0.32443225
261,bkl,mel,0.23909476
270,bkl,bkl,0.25083607
289,bkl,bkl,0.19833969
291,bkl,bcc,0.33439738
292,bkl,bkl,0.5750625
295,bkl,akiec,0.37850034
297,bkl,akiec,0.3852645
300,bkl,bcc,0.5785153
302,bkl,bkl,0.25907323
309,bkl,mel,0.26285943
313,bkl,bcc,0.5499916
318,bkl,bkl,0.3160677
319,bkl,bkl,0.2757909
321,bkl,mel,0.18540514
329,bkl,bcc,0.34967265
334,bkl,bcc,0.2225996
363,bkl,mel,0.37829772
371,bkl,bkl,0.25668198
376,bkl,nv,0.21509503
379,bkl,akiec,0.24381958
386,bkl,bkl,0.27096444
392,bkl,mel,0.22346623
405,bkl,mel,0.22964682
407,bkl,bkl,0.4172518
422,bkl,bkl,0.3299668
435,bkl,vasc,0.5269738
441,bkl,bkl,0.29948738
448,bkl,df,0.20601486
459,bkl,mel,0.32463
462,bkl,bkl,0.5346723
474,bkl,bkl,0.3231508
475,bkl,vasc,0.18452024
485,bkl,bcc,0.58151186
500,bkl,bkl,0.2759553
513,bkl,df,0.31591746
517,bkl,bcc,0.34178853
532,bkl,bkl,0.22430131
537,bkl,df,0.3073027
543,bkl,mel,0.29161277
547,bkl,mel,0.20897788
554,bkl,akiec,0.29819435
559,bkl,bkl,0.5010603
567,bkl,df,0.52333885
574,bkl,bkl,0.2511228
579,bkl,bcc,0.3527682
581,bkl,bkl,0.3585903
588,bkl,df,0.3476784
598,bkl,mel,0.33397856
601,bkl,bkl,0.29379478
604,bkl,akiec,0.25887978
606,bkl,bcc,0.36620945
616,bkl,bkl,0.43661162
622,bkl,bkl,0.27437523
624,bkl,df,0.58691406
635,bkl,bkl,0.65916926
637,bkl,bkl,0.39322892
639,bkl,bkl,0.44239148
645,bkl,akiec,0.4369355
661,bkl,bkl,0.4982399
665,bkl,akiec,0.4580077
692,bkl,df,0.30406377
699,bkl,vasc,0.37832645
712,bkl,bkl,0.41393757
715,bkl,bcc,0.39506888
719,bkl,bkl,0.27201998
724,bkl,bkl,0.46609938
725,bkl,akiec,0.31483385
748,bkl,akiec,0.26043904
750,bkl,bkl,0.30867133
755,bkl,akiec,0.42398888
779,bkl,bcc,0.2537477
785,bkl,bcc,0.32185498
794,bkl,bkl,0.28440744
799,bkl,bkl,0.49285454
806,bkl,df,0.2385146
811,bkl,bkl,0.2165773
823,bkl,akiec,0.24465202
842,bkl,bkl,0.32555366
843,bkl,bkl,0.30901438
851,bkl,df,0.36537117
852,bkl,bkl,0.41351923
865,bkl,bkl,0.21017931
868,bkl,bkl,0.25257334
870,bkl,df,0.2753725
878,bkl,bkl,0.32698542
885,bkl,df,0.28026417
892,bkl,bkl,0.27780455
894,bkl,bkl,0.5660609
899,bkl,mel,0.4662296
902,bkl,bkl,0.4273927
910,bkl,akiec,0.3591103
918,bkl,df,0.38584962
919,bkl,bkl,0.33218554
920,bkl,bkl,0.49284625
930,bkl,mel,0.21041387
931,bkl,akiec,0.23287903
932,bkl,bkl,0.32753652
942,bkl,akiec,0.23469509
943,bkl,df,0.21161401
946,bkl,mel,0.3861621
953,bkl,bkl,0.413927
962,bkl,bkl,0.3077754
973,bkl,bkl,0.37519696
984,bkl,df,0.26515135
985,bkl,akiec,0.3605681
989,bkl,df,0.3530079
994,bkl,df,0.1930173
998,bkl,bkl,0.34711182
1008,bkl,df,0.29414564
1010,bkl,vasc,0.2924936
1011,bkl,df,0.38757312
1016,bkl,df,0.33749264
1017,bkl,df,0.5236814
1026,bkl,bcc,0.2527776
1031,bkl,bkl,0.32528332
1043,bkl,bcc,0.37504366
1067,bkl,df,0.574926
1069,bkl,vasc,0.25912666
1071,bkl,nv,0.22676186
1074,bkl,bkl,0.31270018
1077,bkl,bkl,0.35981244
1089,bkl,df,0.37494364
1095,df,bcc,0.29517275
1099,df,df,0.58177245
1100,df,df,0.4226707
1104,df,df,0.4172598
1105,df,df,0.6420753
1138,df,bcc,0.4555708
1141,df,akiec,0.46151873
1143,df,bkl,0.31722394
1150,df,bcc,0.284939
1155,df,bcc,0.26145792
1170,df,df,0.4594868
1173,df,df,0.8320886
1186,df,df,0.561014
1199,df,df,0.4019742
1201,df,df,0.6732775
1206,df,df,0.73801166
1209,df,df,0.3051853
1216,mel,df,0.3960502
1220,mel,akiec,0.4592875
1221,mel,mel,0.25499013
1226,mel,mel,0.2842016
1233,mel,bcc,0.2736694
1256,mel,df,0.366351
1259,mel,akiec,0.31357542
1261,mel,mel,0.4190191
1266,mel,df,0.27284873
1267,mel,vasc,0.55444896
1276,mel,df,0.24251336
1289,mel,df,0.37191278
1301,mel,mel,0.36551517
1302,mel,mel,0.38433602
1304,mel,mel,0.621679
1316,mel,bkl,0.30142814
1328,mel,mel,0.25558087
1337,mel,bkl,0.28782195
1343,mel,bkl,0.28058803
1349,mel,mel,0.31799775
1351,mel,mel,0.42385593
1354,mel,mel,0.5139358
1356,mel,mel,0.27255905
1359,mel,df,0.36452672
1362,mel,vasc,0.5817379
1363,mel,bcc,0.25067332
1365,mel,df,0.27528277
1366,mel,vasc,0.21865897
1371,mel,df,0.32392445
1372,mel,mel,0.243478
1380,mel,akiec,0.46087557
1394,mel,vasc,0.32668966
1403,mel,mel,0.3868464
1406,mel,mel,0.63417506
1431,mel,mel,0.33741835
1435,mel,df,0.24953592
1438,mel,bkl,0.7294317
1440,mel,mel,0.29645404
1444,mel,mel,0.42076018
1456,mel,nv,0.2589132
1459,mel,mel,0.34985024
1481,mel,mel,0.58844095
1485,mel,mel,0.3414537
1499,mel,bkl,0.29668108
1523,mel,mel,0.60056
1528,mel,mel,0.23342942
1533,mel,bkl,0.22397889
1536,mel,bcc,0.5232641
1540,mel,bkl,0.36617813
1543,mel,bkl,0.27101028
1563,mel,mel,0.222463
1566,mel,mel,0.2656197
1567,mel,mel,0.28818515
1573,mel,bcc,0.38788077
1579,mel,mel,0.2301662
1596,mel,akiec,0.20208348
1604,mel,df,0.36042678
1606,mel,mel,0.262268
1611,mel,akiec,0.27872252
1621,mel,mel,0.26816824
1625,mel,mel,0.5286642
1649,mel,vasc,0.38385797
1653,mel,akiec,0.2372201
1658,mel,mel,0.25406772
1659,mel,mel,0.2949061
1664,mel,mel,0.40767953
1665,mel,vasc,0.24859248
1672,mel,mel,0.48036927
1678,mel,bkl,0.26271006
1683,mel,mel,0.6890517
1685,mel,mel,0.450419
1691,mel,mel,0.6559088
1695,mel,bkl,0.29714373
1699,mel,mel,0.500499
1713,mel,vasc,0.48561203
1745,mel,df,0.37668326
1746,mel,akiec,0.3666784
1747,mel,vasc,0.4364406
1753,mel,df,0.3189875
1758,mel,akiec,0.3757916
1761,mel,bkl,0.2959404
1762,mel,bkl,0.30303937
1770,mel,mel,0.27430257
1774,mel,bcc,0.2991532
1805,mel,mel,0.39816764
1808,mel,akiec,0.3050407
1810,mel,mel,0.46942586
1815,mel,mel,0.46482173
1824,mel,mel,0.4601677
1825,mel,bcc,0.23461461
1831,mel,mel,0.28601712
1835,mel,bcc,0.36177754
1837,mel,bkl,0.2956231
1846,mel,mel,0.34081024
1859,mel,vasc,0.55220604
1863,mel,vasc,0.48561132
1867,mel,vasc,0.38166913
1871,mel,bkl,0.34141904
1874,mel,bkl,0.2627419
1875,mel,bkl,0.29396898
1876,mel,bkl,0.32263857
1881,mel,vasc,0.30984858
1886,mel,akiec,0.36883262
1889,mel,nv,0.26745394
1894,mel,bcc,0.32543012
1899,mel,bcc,0.45428625
1900,mel,bcc,0.40851364
1907,mel,mel,0.561859
1908,mel,mel,0.42097816
1910,mel,akiec,0.27966753
1911,mel,mel,0.31444764
1925,mel,bkl,0.5166788
1927,mel,bcc,0.27645558
1938,mel,vasc,0.49972454
1942,mel,vasc,0.35814247
1947,mel,mel,0.4547291
1948,mel,vasc,0.5013593
1960,mel,bkl,0.22104008
1984,mel,bkl,0.20562169
1999,mel,nv,0.3400197
2001,mel,vasc,0.39715093
2008,mel,akiec,0.30688557
2033,mel,mel,0.24320468
2034,mel,bkl,0.5303722
2037,mel,df,0.23119976
2048,mel,bkl,0.3759483
2049,mel,mel,0.29144967
2054,mel,akiec,0.2648553
2059,mel,mel,0.40485185
2060,mel,df,0.26364046
2062,mel,mel,0.3448213
2079,mel,mel,0.20910703
2081,mel,akiec,0.34119648
2088,mel,mel,0.33775988
2097,mel,akiec,0.33763424
2108,mel,mel,0.3276198
2111,mel,akiec,0.36562052
2114,mel,df,0.22371034
2116,mel,vasc,0.38282984
2124,mel,mel,0.36845705
2137,mel,df,0.3912643
2139,mel,df,0.33467385
2151,mel,akiec,0.32371214
2162,mel,mel,0.22750534
2165,mel,mel,0.46796963
2166,mel,bcc,0.4112869
2177,mel,mel,0.37235796
2181,mel,mel,0.33716092
2182,mel,bkl,0.42207712
2206,mel,bkl,0.3167421
2212,mel,df,0.31948283
2220,mel,akiec,0.36535746
2224,mel,akiec,0.263849
2229,mel,bkl,0.28366753
2231,mel,mel,0.39654455
2268,mel,bkl,0.22465824
2270,mel,vasc,0.22159722
2275,mel,mel,0.28991905
2277,mel,mel,0.38200817
2278,mel,df,0.31431738
2282,mel,mel,0.43231094
2283,mel,mel,0.5467204
2288,mel,bkl,0.31443337
2293,mel,mel,0.24460077
2298,mel,akiec,0.4138049
2300,mel,df,0.2455852
2302,mel,akiec,0.5056291
2326,vasc,vasc,0.6590074
2330,vasc,vasc,0.66878676
2350,vasc,vasc,0.6967959
2354,vasc,bcc,0.30207106
2372,vasc,vasc,0.72999644
2374,vasc,vasc,0.7509941
2377,vasc,akiec,0.25782138
2381,vasc,vasc,0.21377936
2383,vasc,vasc,0.83657
2387,vasc,bcc,0.38717017
2392,vasc,vasc,0.6643859
2394,vasc,vasc,0.29627872
2399,vasc,vasc,0.48602682
2409,vasc,vasc,0.70960635
2412,vasc,vasc,0.44965634
2416,vasc,vasc,0.64447075
2443,vasc,vasc,0.7397951
2446,vasc,df,0.3329337
2447,vasc,vasc,0.39246345
2448,vasc,vasc,0.6468412
2449,vasc,vasc,0.83108765
2453,vasc,vasc,0.72093624
2471,bcc,bcc,0.30896145
2474,bcc,bcc,0.3546903
2497,bcc,bcc,0.4189391
2515,bcc,akiec,0.2152478
2519,bcc,akiec,0.26522064
2524,bcc,bcc,0.5099297
2530,bcc,vasc,0.6964799
2537,bcc,akiec,0.2762015
2547,bcc,akiec,0.21847613
2550,bcc,bcc,0.4442083
2555,bcc,bcc,0.3804177
2557,bcc,bkl,0.3520846
2561,bcc,bcc,0.4235088
2564,bcc,bcc,0.33102408
2567,bcc,bcc,0.3230266
2581,bcc,bcc,0.27846113
2583,bcc,vasc,0.3546998
2586,bcc,mel,0.35515887
2587,bcc,mel,0.28047034
2590,bcc,df,0.29400304
2603,bcc,bcc,0.67335886
2604,bcc,bcc,0.39204943
2605,bcc,bcc,0.23912133
2606,bcc,bcc,0.41370904
2611,bcc,bcc,0.27917698
2612,bcc,mel,0.29985255
2614,bcc,bcc,0.34802085
2619,bcc,bkl,0.3718252
2634,bcc,bcc,0.71800786
2637,bcc,mel,0.3241682
2641,bcc,vasc,0.41798046
2646,bcc,df,0.24345875
2647,bcc,bkl,0.24839324
2651,bcc,akiec,0.4842625
2665,bcc,bcc,0.33945724
2683,bcc,akiec,0.45998013
2699,bcc,akiec,0.5014933
2700,bcc,bcc,0.59414715
2708,bcc,bcc,0.27020133
2711,bcc,bcc,0.40679443
2725,bcc,akiec,0.29242596
2733,bcc,vasc,0.40461135
2739,bcc,bcc,0.34450245
2740,bcc,bcc,0.44457182
2760,bcc,akiec,0.27282497
2767,bcc,akiec,0.35496533
2772,bcc,bcc,0.3812429
2774,bcc,bcc,0.36181486
2775,bcc,akiec,0.252302
2779,bcc,bcc,0.29989785
2780,bcc,akiec,0.39022785
2783,bcc,bcc,0.41537583
2786,bcc,bcc,0.34258863
2803,bcc,df,0.3759115
2807,bcc,bcc,0.33663633
2811,bcc,df,0.3269416
2815,bcc,bkl,0.4726705
2816,bcc,bcc,0.63021433
2831,bcc,df,0.2890399
2832,bcc,mel,0.38899988
2833,bcc,mel,0.35985094
2834,bcc,bkl,0.28763527
2835,bcc,bcc,0.47556776
2852,bcc,df,0.2452846
2854,bcc,df,0.31023535
2857,bcc,bcc,0.5325006
2866,bcc,bcc,0.25070357
2869,bcc,bcc,0.32060564
2873,bcc,akiec,0.39410168
2892,bcc,akiec,0.44194427
2905,bcc,vasc,0.52732253
2908,bcc,bcc,0.2499369
2915,bcc,bcc,0.6982624
2918,bcc,bcc,0.52939683
2940,bcc,bcc,0.28294018
2972,bcc,bcc,0.44170502
2973,bcc,bcc,0.45528185
2983,nv,nv,0.38356537
2985,nv,df,0.3041149
2990,nv,vasc,0.23866403
2998,nv,vasc,0.25433525
3009,nv,vasc,0.37342784
3012,nv,vasc,0.48363766
3046,nv,df,0.27155086
3048,nv,akiec,0.3550231
3057,nv,df,0.30539787
3059,nv,df,0.3014564
3068,nv,nv,0.27324545
3079,nv,vasc,0.29834175
3089,nv,df,0.22753482
3112,nv,vasc,0.28367957
3115,nv,vasc,0.26922143
3119,nv,nv,0.28138483
3127,nv,nv,0.29025877
3132,nv,df,0.33578843
3133,nv,df,0.3131265
3147,nv,vasc,0.28794932
3161,nv,df,0.38165286
3168,nv,df,0.2639549
3171,nv,df,0.41581947
3174,nv,bcc,0.2713401
3179,nv,df,0.31990278
3208,nv,vasc,0.2513616
3215,nv,nv,0.1926664
3220,nv,df,0.24520095
3227,nv,nv,0.27742293
3238,nv,df,0.49428818
3240,nv,vasc,0.25098327
3243,nv,nv,0.2518045
3252,nv,df,0.4242654
3256,nv,nv,0.35694653
3283,nv,vasc,0.35066336
3287,nv,df,0.32082158
3305,nv,df,0.31872135
3315,nv,nv,0.39017636
3317,nv,nv,0.28925386
3326,bkl,df,0.30628127
3330,nv,df,0.30240622
3332,nv,nv,0.22085065
3333,nv,df,0.2371379
3334,nv,vasc,0.2943406
3336,nv,vasc,0.38586092
3338,nv,akiec,0.24659605
3340,nv,df,0.21946311
3344,nv,vasc,0.34846038
3347,nv,df,0.24994273
3349,nv,nv,0.40876284
3352,nv,vasc,0.41716135
3373,nv,df,0.4002958
3374,nv,nv,0.3472464
3380,nv,vasc,0.36252406
3382,nv,df,0.347882
3394,nv,nv,0.30216706
3399,nv,df,0.35233867
3411,nv,vasc,0.2334712
3415,nv,df,0.520094
3417,nv,df,0.46196225
3423,nv,nv,0.4105282
3431,nv,akiec,0.32321578
3435,nv,df,0.36580634
3439,nv,vasc,0.2907402
3445,nv,nv,0.2621988
3450,nv,df,0.28221452
3457,nv,df,0.29521275
3467,nv,df,0.36068675
3474,nv,akiec,0.3589552
3494,nv,df,0.26645187
3497,nv,df,0.4433159
3514,nv,vasc,0.27386326
3520,nv,akiec,0.3216632
3521,nv,vasc,0.38110343
3532,nv,df,0.26639152
3546,nv,vasc,0.6289539
3547,nv,vasc,0.4248824
3568,nv,nv,0.2791614
3570,nv,df,0.5603231
3575,nv,akiec,0.21942608
3585,nv,df,0.2963778
3589,nv,df,0.26265585
3605,nv,akiec,0.33556643
3621,nv,akiec,0.24907352
3624,nv,df,0.4078112
3626,nv,df,0.18752524
3635,nv,df,0.26412258
3636,nv,nv,0.24738674
3638,nv,df,0.236323
3642,nv,vasc,0.36417687
3660,nv,vasc,0.23098862
3667,nv,nv,0.3465777
3672,nv,bcc,0.39962894
3677,nv,vasc,0.28530324
3678,nv,df,0.3252457
3682,nv,nv,0.40736198
3689,nv,df,0.38114437
3714,nv,akiec,0.22977409
3744,nv,vasc,0.39748985
3745,nv,df,0.3481282
3746,nv,nv,0.5107816
3747,nv,vasc,0.3303998
3753,nv,bkl,0.27856436
3760,nv,vasc,0.33482394
3767,nv,vasc,0.3319057
3794,nv,df,0.27721694
3799,nv,df,0.42375594
3825,nv,df,0.31565666
3829,nv,nv,0.36151394
3842,nv,df,0.4383509
3844,nv,df,0.27076328
3849,nv,df,0.32674298
3850,nv,df,0.35624024
3866,nv,nv,0.28859735
3870,nv,df,0.30424032
3884,nv,mel,0.23595871
3897,nv,vasc,0.4003579
3898,nv,df,0.35664743
3903,nv,vasc,0.24623628
3904,nv,df,0.45031372
3908,nv,df,0.25467524
3917,nv,akiec,0.23306096
3923,nv,df,0.36241215
3936,nv,df,0.3289916
3947,nv,df,0.3354796
3951,nv,df,0.39115727
3955,nv,nv,0.2564842
3960,nv,vasc,0.2611263
3975,nv,df,0.3915681
3986,nv,df,0.3667582
3987,nv,df,0.2151444
3989,nv,df,0.31625226
3991,nv,df,0.3934723
3998,nv,df,0.3344364
4012,nv,df,0.24795936
4023,nv,df,0.47740737
4025,nv,df,0.3985084
4029,nv,df,0.28704718
4042,nv,nv,0.37197387
4045,nv,nv,0.23494595
4064,nv,vasc,0.28458834
4073,nv,nv,0.30811438
4075,nv,df,0.32795042
4080,nv,df,0.30323324
4081,nv,df,0.2230782
4095,nv,vasc,0.28392145
4099,nv,vasc,0.3540473
4105,nv,df,0.34098712
4107,nv,nv,0.48439777
4111,nv,df,0.26962298
4112,nv,df,0.4202619
4113,nv,df,0.24761672
4115,nv,df,0.4559423
4118,nv,akiec,0.19243184
4125,nv,df,0.30946365
4134,nv,nv,0.35910547
4144,nv,bcc,0.25411168
4146,nv,df,0.31149182
4152,nv,nv,0.4206025
4153,nv,vasc,0.33644733
4154,nv,vasc,0.54681057
4165,nv,df,0.28279558
4181,nv,nv,0.363647
4188,nv,akiec,0.31275445
4203,nv,nv,0.32249978
4211,nv,bcc,0.23002909
4212,nv,nv,0.29050878
4213,nv,vasc,0.41223273
4218,nv,mel,0.30463365
4221,nv,df,0.2628841
4224,nv,df,0.26357484
4231,nv,nv,0.3189456
4232,nv,df,0.28966635
4239,nv,df,0.2572281
4250,nv,vasc,0.25331602
4261,nv,df,0.3830912
4274,nv,nv,0.26221147
4275,nv,df,0.45345473
4276,nv,nv,0.19158255
4278,nv,nv,0.23601294
4282,nv,df,0.19689137
4286,nv,df,0.41744387
4291,nv,akiec,0.23262009
4300,nv,nv,0.3734475
4301,nv,df,0.28492525
4311,nv,df,0.30364317
4318,nv,df,0.29489294
4331,nv,df,0.45278245
4340,nv,akiec,0.28653628
4342,nv,df,0.24404967
4343,nv,nv,0.3588302
4352,nv,df,0.3696049
4355,nv,vasc,0.45302448
4356,nv,df,0.4725302
4357,nv,df,0.42066392
4363,nv,df,0.24521953
4365,nv,nv,0.31571442
4366,nv,vasc,0.23111856
4370,nv,df,0.28371954
4376,nv,df,0.4493441
4379,nv,df,0.2885227
4403,nv,nv,0.30245525
4406,nv,vasc,0.28414282
4424,nv,df,0.43173695
4430,nv,df,0.2635196
4432,nv,nv,0.39323267
4434,nv,df,0.22509833
4437,nv,df,0.3260599
4438,nv,df,0.38548204
4449,nv,nv,0.46014202
4469,nv,df,0.27779424
4472,nv,df,0.4050755
4483,nv,vasc,0.2831543
4485,nv,nv,0.35186264
4492,nv,df,0.43005562
4499,nv,nv,0.31731823
4506,nv,df,0.380577
4512,nv,df,0.23866305
4515,nv,nv,0.3947742
4521,nv,df,0.46856853
4524,nv,vasc,0.23142597
4527,nv,df,0.27911523
4535,nv,df,0.3580043
4542,nv,df,0.4013806
4552,nv,nv,0.37202778
4560,nv,df,0.32583806
4562,nv,nv,0.28707206
4566,nv,akiec,0.26537922
4567,nv,df,0.3595632
4576,nv,nv,0.3425613
4577,nv,nv,0.3921462
4585,nv,nv,0.31488132
4588,nv,vasc,0.46773082
4594,nv,df,0.21631263
4599,nv,nv,0.37875044
4602,nv,nv,0.28506884
4603,nv,nv,0.30966997
4604,nv,vasc,0.3425963
4608,nv,df,0.29299614
4612,nv,df,0.44262978
4619,nv,vasc,0.3618751
4643,nv,df,0.48235795
4662,nv,df,0.2895425
4664,nv,df,0.40750217
4667,nv,df,0.26265758
4671,nv,nv,0.28206936
4683,nv,akiec,0.29807502
4690,nv,df,0.23423627
4691,nv,vasc,0.2258559
4702,nv,df,0.3656733
4710,nv,vasc,0.33953092
4724,nv,nv,0.47930568
4726,nv,df,0.4875836
4728,nv,nv,0.3000732
4742,nv,nv,0.31685242
4747,nv,bcc,0.2948132
4753,nv,vasc,0.23174164
4767,nv,nv,0.29671687
4784,nv,nv,0.5029378
4789,nv,df,0.3219337
4790,nv,vasc,0.2053396
4796,nv,nv,0.2791436
4798,nv,akiec,0.28372207
4801,nv,nv,0.34426144
4804,nv,vasc,0.3037914
4813,nv,df,0.19519877
4816,nv,nv,0.37306005
4820,nv,df,0.23925783
4821,nv,nv,0.3815972
4822,nv,vasc,0.27854806
4836,nv,vasc,0.28387323
4838,nv,akiec,0.2802121
4853,nv,nv,0.3760002
4859,nv,df,0.33011115
4864,nv,df,0.30765754
4879,nv,df,0.38223037
4884,nv,df,0.25346076
4885,nv,nv,0.39161038
4888,nv,vasc,0.29099947
4904,nv,df,0.3469934
4911,nv,vasc,0.5034255
4918,nv,vasc,0.401377
4922,nv,nv,0.35904393
4923,nv,vasc,0.32579747
4945,nv,vasc,0.32207143
4949,nv,nv,0.4336114
4960,nv,df,0.3019361
4966,nv,vasc,0.25171885
4974,nv,nv,0.4237582
4976,nv,nv,0.3585026
5019,nv,nv,0.4448368
5041,nv,df,0.35383722
5048,nv,nv,0.28702486
5053,nv,vasc,0.22168045
5065,nv,nv,0.3711818
5071,nv,df,0.29092786
5076,nv,nv,0.2825854
5077,nv,nv,0.36561584
5100,nv,vasc,0.2213482
5112,nv,nv,0.32662362
5123,nv,df,0.26970518
5133,nv,vasc,0.26620135
5136,nv,nv,0.27479997
5146,nv,df,0.22852421
5163,nv,bcc,0.38101426
5165,nv,nv,0.24519554
5171,nv,vasc,0.4436905
5179,nv,vasc,0.2449913
5186,nv,df,0.30069247
5191,nv,nv,0.2879627
5197,nv,nv,0.24051723
5199,nv,vasc,0.2915858
5216,nv,vasc,0.40449432
5218,nv,nv,0.37521735
5231,nv,df,0.4105431
5232,nv,df,0.41686916
5242,nv,bcc,0.3246308
5252,nv,vasc,0.38375178
5256,nv,vasc,0.41323274
5257,nv,df,0.29748353
5265,nv,df,0.3257556
5282,nv,df,0.20778881
5284,nv,vasc,0.32612252
5295,nv,nv,0.4012974
5299,nv,nv,0.30471376
5301,nv,df,0.46008083
5306,nv,df,0.33343226
5316,nv,vasc,0.5798882
5327,nv,vasc,0.38741398
5330,nv,df,0.44146296
5334,nv,df,0.32296193
5336,nv,akiec,0.2881374
5343,nv,vasc,0.23587908
5344,nv,df,0.30229464
5351,nv,vasc,0.3006525
5355,nv,akiec,0.4136452
5356,nv,df,0.35599145
5359,nv,df,0.39076626
5365,nv,vasc,0.3567979
5369,nv,nv,0.38775924
5370,nv,nv,0.36796957
5376,nv,df,0.33263585
5378,nv,df,0.30526522
5397,nv,df,0.28601566
5401,nv,df,0.31213385
5403,nv,df,0.39440754
5412,nv,vasc,0.34894034
5419,nv,nv,0.42363033
5425,nv,df,0.3782036
5429,nv,nv,0.3325625
5434,nv,df,0.37032446
5436,nv,df,0.3274033
5441,nv,df,0.34152913
5450,nv,nv,0.412538
5455,nv,vasc,0.26551357
5468,nv,akiec,0.23784703
5469,nv,akiec,0.24114893
5471,nv,df,0.48733371
5472,nv,df,0.45071504
5476,nv,nv,0.3869217
5478,nv,df,0.37388346
5479,nv,df,0.25021327
5487,nv,vasc,0.32698375
5495,nv,nv,0.480921
5499,nv,nv,0.37427962
5500,nv,vasc,0.24411367
5502,nv,vasc,0.21929194
5503,nv,df,0.43406507
5504,nv,nv,0.26955584
5514,nv,df,0.4422363
5516,nv,nv,0.28804937
5520,nv,nv,0.23256584
5526,nv,nv,0.29560927
5530,nv,nv,0.49710622
5531,nv,vasc,0.32187867
5532,nv,nv,0.486474
5533,nv,akiec,0.28442544
5537,nv,akiec,0.25297087
5538,nv,vasc,0.19860643
5539,nv,nv,0.4069197
5541,nv,nv,0.25598484
5542,nv,nv,0.45886984
5556,nv,akiec,0.35921434
5576,nv,df,0.22124311
5581,nv,df,0.22465117
5605,nv,nv,0.29145047
5606,nv,nv,0.30870855
5609,nv,akiec,0.22577953
5610,nv,df,0.3143336
5611,nv,akiec,0.22288056
5618,nv,df,0.37486365
5624,nv,nv,0.30371797
5630,nv,df,0.2585626
5632,nv,df,0.30930018
5633,nv,df,0.23469399
5634,nv,df,0.357354
5635,nv,df,0.25679192
5640,nv,nv,0.28678674
5647,nv,nv,0.44805315
5650,nv,nv,0.53892523
5669,nv,nv,0.28354928
5677,nv,df,0.25270975
5683,nv,nv,0.35977396
5685,nv,nv,0.27628192
5686,nv,akiec,0.26156443
5694,nv,vasc,0.4144305
5718,nv,df,0.350579
5720,nv,nv,0.36415717
5732,nv,nv,0.38557354
5740,nv,akiec,0.2941039
5747,nv,df,0.3581455
5755,nv,df,0.32468563
5760,nv,df,0.30306637
5766,nv,df,0.4483541
5773,nv,akiec,0.18233724
5778,nv,vasc,0.5238917
5783,nv,df,0.30758825
5785,nv,nv,0.2819722
5788,nv,nv,0.3512951
5806,nv,df,0.31370857
5813,nv,df,0.28278747
5814,nv,df,0.296322
5827,nv,df,0.22218516
5831,nv,df,0.33703724
5841,nv,nv,0.33072835
5850,nv,nv,0.2780301
5864,nv,nv,0.25713697
5876,nv,df,0.30247656
5884,nv,vasc,0.37999985
5903,nv,df,0.31850806
5911,nv,nv,0.3165889
5921,nv,df,0.30141252
5926,nv,df,0.26294017
5928,nv,df,0.24887457
5939,nv,nv,0.3753052
5949,nv,df,0.22967902
5955,nv,bcc,0.3815284
5968,nv,akiec,0.24300759
5973,nv,df,0.32705304
5979,nv,nv,0.2985658
5983,nv,nv,0.31583416
5984,nv,df,0.33742952
5990,nv,df,0.52902013
6004,nv,akiec,0.29358003
6017,nv,df,0.33636808
6021,nv,vasc,0.4986232
6023,nv,nv,0.28546733
6036,nv,df,0.3134403
6037,nv,nv,0.1748645
6044,nv,vasc,0.297925
6056,nv,nv,0.33461702
6063,nv,df,0.40707165
6072,nv,df,0.2932387
6091,nv,nv,0.47133535
6094,nv,nv,0.35778978
6109,nv,df,0.27981514
6111,nv,nv,0.34748304
6113,nv,df,0.31056875
6116,nv,df,0.30944258
6130,nv,df,0.35952
6131,nv,vasc,0.2166536
6133,nv,nv,0.27462322
6142,nv,df,0.30905035
6145,nv,df,0.28879812
6146,nv,akiec,0.28386074
6155,nv,vasc,0.34615958
6164,nv,nv,0.32389656
6165,nv,df,0.30032852
6175,nv,nv,0.42902762
6186,nv,df,0.27589637
6187,nv,df,0.36808586
6200,nv,df,0.30499646
6204,nv,vasc,0.2587493
6207,nv,df,0.38145864
6209,nv,df,0.36861232
6211,nv,df,0.2634428
6234,nv,nv,0.43571237
6239,nv,df,0.51190716
6242,nv,nv,0.35883632
6246,nv,nv,0.3247048
6248,nv,vasc,0.31358156
6250,nv,df,0.30224434
6262,nv,df,0.25689057
6267,nv,bcc,0.29085135
6275,nv,vasc,0.2665135
6286,nv,df,0.25746086
6288,nv,nv,0.43738127
6301,nv,df,0.58208126
6314,nv,nv,0.30861485
6326,nv,nv,0.38544026
6329,nv,df,0.41509154
6336,nv,akiec,0.2187924
6339,nv,vasc,0.4449255
6348,nv,vasc,0.43974918
6359,nv,vasc,0.30120668
6373,nv,vasc,0.342653
6389,nv,nv,0.24085337
6390,nv,df,0.4867677
6391,nv,df,0.28364685
6395,nv,df,0.3152709
6400,nv,nv,0.2307968
6405,nv,bcc,0.25664213
6426,nv,akiec,0.20485675
6481,nv,nv,0.3416703
6491,nv,df,0.31013456
6500,nv,nv,0.3236986
6505,nv,nv,0.3723343
6511,nv,nv,0.33005798
6512,nv,df,0.3745375
6521,nv,df,0.46199363
6522,nv,df,0.32326764
6528,nv,df,0.4503923
6534,nv,nv,0.27119964
6537,nv,df,0.2818212
6540,nv,df,0.35590255
6558,nv,vasc,0.47631574
6561,nv,nv,0.2928649
6563,nv,df,0.33113992
6571,nv,nv,0.33942485
6577,nv,nv,0.23616576
6578,nv,df,0.46153057
6579,nv,df,0.32162744
6594,nv,nv,0.31296632
6597,nv,nv,0.45194796
6609,nv,df,0.32621518
6610,nv,df,0.30369455
6612,nv,nv,0.22678423
6613,nv,nv,0.25433767
6620,nv,nv,0.31966794
6627,nv,vasc,0.31339693
6629,nv,df,0.24883753
6634,nv,nv,0.25369528
6644,nv,df,0.22373259
6645,nv,df,0.30076075
6649,nv,vasc,0.2726137
6653,nv,df,0.2824812
6656,nv,vasc,0.53468084
6658,nv,df,0.34810665
6665,nv,nv,0.21048526
6669,nv,df,0.3057772
6677,nv,df,0.33916906
6680,nv,vasc,0.3240507
6684,nv,df,0.30977008
6687,nv,mel,0.3177
6694,nv,vasc,0.45515567
6699,nv,bkl,0.2825006
6701,nv,bcc,0.2684027
6702,nv,df,0.29246673
6704,nv,df,0.21994287
6705,nv,vasc,0.3897436
6712,nv,bkl,0.36016995
6716,nv,df,0.29044914
6723,nv,vasc,0.2300271
6733,nv,nv,0.25787959
6734,nv,mel,0.26948413
6735,nv,bcc,0.3092341
6761,nv,bcc,0.24896745
6764,nv,mel,0.3259109
6773,nv,mel,0.3487002
6785,nv,df,0.3843376
6798,nv,df,0.31812257
6800,nv,mel,0.44733718
6801,nv,df,0.22139893
6806,nv,vasc,0.24706154
6808,nv,vasc,0.36346242
6811,nv,bcc,0.22133157
6815,nv,bcc,0.46377125
6817,nv,df,0.45629
6826,nv,df,0.35618544
6827,nv,bkl,0.34365055
6840,nv,df,0.33328575
6844,nv,bkl,0.25264713
6847,nv,bkl,0.27432615
6850,nv,df,0.23940696
6854,nv,mel,0.36204523
6864,nv,mel,0.20504868
6869,nv,vasc,0.2467454
6875,nv,df,0.32276723
6880,nv,df,0.30328774
6893,nv,bcc,0.3466454
6895,nv,vasc,0.3749669
6896,nv,mel,0.3227823
6902,nv,mel,0.43383923
6916,nv,mel,0.38174632
6919,nv,mel,0.341357
6923,nv,bkl,0.31055108
6933,nv,df,0.31472516
6943,nv,bkl,0.19013001
6951,nv,nv,0.24226011
6962,nv,nv,0.26812735
6964,nv,mel,0.6227379
6976,nv,bcc,0.46396464
6982,nv,bkl,0.3017216
6984,nv,df,0.32919848
6996,nv,vasc,0.5075124
7001,nv,df,0.3543437
7009,nv,vasc,0.26836377
7020,nv,bcc,0.35193226
7035,nv,nv,0.2765867
7039,nv,mel,0.2524013
7048,nv,mel,0.44849575
7055,nv,bkl,0.2932544
7058,nv,mel,0.48771515
7059,nv,bkl,0.28263867
7062,nv,bcc,0.2921058
7065,nv,bkl,0.37079006
7071,nv,bkl,0.3978589
7083,nv,mel,0.32973915
7090,nv,nv,0.22508821
7093,nv,bcc,0.32389757
7108,nv,bcc,0.531925
7115,nv,vasc,0.3890196
7121,nv,df,0.27586052
7123,nv,mel,0.3244236
7129,nv,mel,0.3202818
7130,nv,bkl,0.19848481
7131,nv,vasc,0.2875016
7132,nv,vasc,0.32769418
7164,nv,mel,0.23470654
7177,nv,vasc,0.37380424
7184,nv,vasc,0.33582744
7188,nv,mel,0.4170716
7191,nv,vasc,0.3843222
7200,nv,vasc,0.3362118
7204,nv,mel,0.33355486
7226,nv,df,0.25359142
7232,nv,nv,0.29819867
7234,nv,vasc,0.29817712
7235,nv,mel,0.3845713
7237,nv,bkl,0.27108002
7249,nv,df,0.33820233
7251,nv,vasc,0.51987666
7253,nv,mel,0.30746517
7260,nv,mel,0.43017057
7262,nv,df,0.21042372
7284,nv,mel,0.4796868
7289,nv,bcc,0.35335517
7295,nv,df,0.2599787
7297,nv,mel,0.55966806
7304,nv,vasc,0.22500885
7326,nv,mel,0.25528732
7338,nv,mel,0.28540155
7342,nv,nv,0.27660054
7346,nv,df,0.2593052
7361,nv,akiec,0.3773947
7376,nv,vasc,0.56346136
7377,nv,vasc,0.3641213
7379,nv,bkl,0.18551944
7399,nv,df,0.24320683
7401,nv,bcc,0.2528625
7408,nv,mel,0.40256062
7410,nv,df,0.32032466
7420,nv,bcc,0.33491
7425,nv,mel,0.41406283
7426,nv,mel,0.2583692
7434,nv,df,0.26732543
7435,nv,df,0.62141275
7456,nv,mel,0.30682677
7458,nv,df,0.28987417
7462,nv,df,0.29997364
7469,nv,mel,0.34712312
7477,nv,mel,0.31439444
7492,nv,df,0.36618003
7494,nv,vasc,0.4435688
7500,nv,mel,0.24488768
7503,nv,mel,0.31908527
7506,nv,bkl,0.28619248
7507,nv,df,0.32284313
7519,nv,mel,0.26551712
7522,nv,df,0.29940692
7528,nv,df,0.33522287
7535,nv,mel,0.59920764
7540,nv,mel,0.5563204
7542,nv,vasc,0.3595711
7547,nv,mel,0.23310852
7554,nv,df,0.35134637
7555,nv,vasc,0.267928
7556,nv,nv,0.27769643
7560,nv,mel,0.3888992
7562,nv,mel,0.5262967
7566,nv,mel,0.4737475
7569,nv,mel,0.32397735
7592,nv,vasc,0.86688644
7598,nv,nv,0.25094283
7601,nv,mel,0.23729654
7605,nv,nv,0.29997745
7619,nv,vasc,0.38657397
7620,nv,vasc,0.49879462
7624,nv,mel,0.3468038
7625,nv,bcc,0.6122771
7629,nv,bcc,0.24157493
7630,nv,mel,0.26005483
7635,nv,vasc,0.31762385
7643,nv,mel,0.30379552
7652,nv,mel,0.36947626
7653,nv,akiec,0.3577204
7665,nv,df,0.4683807
7676,nv,df,0.42346394
7690,nv,nv,0.21491496
7696,nv,df,0.284446
7701,nv,nv,0.34550187
7702,nv,mel,0.31710914
7710,nv,akiec,0.22850744
7713,nv,vasc,0.39274496
7714,nv,akiec,0.37071326
7720,nv,mel,0.26907998
7721,nv,vasc,0.60581625
7723,nv,akiec,0.23967348
7734,nv,nv,0.27527753
7735,nv,nv,0.3039583
7738,nv,nv,0.25506172
7745,nv,df,0.28823087
7758,nv,mel,0.48393786
7773,nv,df,0.29133362
7776,nv,nv,0.29191646
7787,nv,bcc,0.34322715
7791,nv,df,0.3618707
7792,nv,mel,0.24021386
7814,nv,bkl,0.38784188
7816,nv,mel,0.5865025
7821,nv,mel,0.27929923
7846,nv,akiec,0.2813305
7851,nv,df,0.22994097
7852,nv,mel,0.30919966
7855,nv,nv,0.4222385
7859,nv,vasc,0.59671444
7872,nv,vasc,0.34465015
7889,nv,mel,0.68647057
7892,nv,vasc,0.33779508
7894,nv,mel,0.31820673
7907,nv,vasc,0.37689552
7908,nv,vasc,0.38767758
7912,nv,vasc,0.27278078
7913,nv,nv,0.2984651
7917,nv,df,0.32588288
7922,nv,vasc,0.36481613
7925,nv,bkl,0.27922645
7944,nv,nv,0.40445665
7956,nv,bkl,0.20849115
7963,nv,bcc,0.27548108
7964,nv,akiec,0.43739888
7968,nv,bkl,0.26974848
7974,nv,mel,0.29147843
7975,nv,mel,0.37468627
7978,nv,vasc,0.25280645
7979,nv,nv,0.21855809
7981,nv,mel,0.3000283
7986,nv,vasc,0.41823992
7992,nv,mel,0.37375772
7993,nv,mel,0.33564946
8010,nv,bcc,0.52092296
8011,nv,vasc,0.36482137
8016,nv,vasc,0.3620397
8028,nv,mel,0.30905145
8040,nv,vasc,0.62727576
8044,nv,df,0.33337975
8045,nv,mel,0.25047323
8046,nv,nv,0.26750138
8052,nv,vasc,0.2700957
8068,nv,df,0.2401859
8071,nv,df,0.29761595
8073,nv,mel,0.33981898
8076,nv,df,0.29544002
8078,nv,df,0.21060644
8085,nv,df,0.21091552
8090,nv,vasc,0.31502372
8109,nv,vasc,0.27892157
8115,nv,mel,0.48598355
8116,nv,vasc,0.2088693
8123,nv,vasc,0.2462287
8140,nv,vasc,0.44277686
8143,nv,mel,0.32247952
8152,nv,vasc,0.49463215
8153,nv,mel,0.27946115
8156,nv,vasc,0.4194571
8162,nv,akiec,0.22893575
8177,nv,vasc,0.40070266
8178,nv,vasc,0.4993745
8188,nv,mel,0.3721569
8193,nv,bcc,0.21779452
8194,nv,vasc,0.4036973
8195,nv,df,0.40113932
8200,nv,akiec,0.36184925
8214,nv,df,0.21971463
8223,nv,df,0.28970724
8225,nv,mel,0.68079084
8241,nv,df,0.29756147
8252,nv,vasc,0.3799186
8255,nv,mel,0.29829144
8257,nv,vasc,0.43451655
8268,nv,df,0.26937866
8276,nv,nv,0.35071716
8278,nv,akiec,0.24956208
8306,nv,bkl,0.24793984
8307,nv,bkl,0.36812496
8318,nv,df,0.6037727
8320,nv,vasc,0.62523365
8322,nv,vasc,0.47655538
8323,nv,vasc,0.37134337
8324,nv,vasc,0.43179226
8330,nv,mel,0.34909537
8336,nv,vasc,0.36871406
8340,nv,mel,0.23468086
8349,nv,vasc,0.51496255
8350,nv,vasc,0.3368526
8351,nv,nv,0.33579242
8357,nv,mel,0.36208668
8362,nv,bcc,0.4078198
8371,nv,vasc,0.33564234
8385,nv,vasc,0.26919928
8390,nv,mel,0.32792553
8393,nv,vasc,0.29249525
8400,nv,vasc,0.3232989
8408,nv,akiec,0.37060842
8410,nv,vasc,0.31746122
8422,nv,df,0.27758914
8430,nv,df,0.44974482
8440,nv,bcc,0.30887628
8445,nv,vasc,0.30783504
8446,nv,akiec,0.35580415
8449,nv,mel,0.3217875
8464,nv,mel,0.252842
8471,nv,df,0.22270903
8473,nv,mel,0.2856036
8489,nv,bcc,0.2735732
8499,nv,df,0.25822946
8516,nv,akiec,0.21555164
8525,nv,bcc,0.27610227
8537,nv,bkl,0.34459597
8541,nv,akiec,0.50501657
8546,nv,df,0.31669885
8564,nv,nv,0.23876078
8565,nv,akiec,0.3140788
8568,nv,bkl,0.36127576
8569,nv,akiec,0.29544875
8571,nv,bkl,0.24571872
8577,nv,df,0.3211542
8582,nv,df,0.2912543
8584,nv,akiec,0.3388634
8601,nv,akiec,0.28926054
8620,nv,bcc,0.46518445
8622,nv,vasc,0.22832641
8626,nv,df,0.32580674
8642,nv,bcc,0.2423965
8648,nv,mel,0.2528201
8652,nv,mel,0.52537817
8655,nv,bkl,0.26141182
8669,nv,mel,0.33354747
8670,nv,mel,0.44139147
8679,nv,mel,0.27300745
8692,nv,akiec,0.20065005
8694,nv,df,0.33934525
8708,nv,vasc,0.2702043
8711,nv,df,0.25648507
8729,nv,akiec,0.30374342
8731,nv,df,0.31656954
8733,nv,mel,0.25519034
8736,nv,df,0.34429932
8739,nv,df,0.4060688
8744,nv,mel,0.2526527
8748,nv,mel,0.37132317
8752,nv,df,0.55294156
8759,nv,akiec,0.25565687
8760,nv,mel,0.31938934
8761,nv,akiec,0.2645946
8763,nv,akiec,0.18744525
8776,nv,mel,0.36488572
8777,nv,akiec,0.25541642
8779,nv,bkl,0.2848261
8780,nv,akiec,0.23487943
8793,nv,akiec,0.41523105
8822,nv,mel,0.30801535
8828,nv,bcc,0.3595491
8830,nv,vasc,0.5691144
8833,nv,df,0.17861593
8846,nv,mel,0.26458165
8847,nv,df,0.25803277
8852,nv,df,0.4020667
8854,nv,akiec,0.25208667
8866,nv,mel,0.4130506
8876,nv,vasc,0.23447078
8881,nv,mel,0.2823129
8883,nv,df,0.4150817
8886,nv,df,0.41861507
8893,nv,df,0.3743015
8901,nv,bkl,0.2529517
8917,nv,bcc,0.24604061
8918,nv,akiec,0.18058862
8927,nv,bcc,0.35291615
8939,nv,mel,0.260379
8940,nv,bkl,0.26259267
8941,nv,df,0.26877114
8957,nv,mel,0.45912898
8965,nv,df,0.21594732
8966,nv,vasc,0.21011306
8969,nv,df,0.33656308
8976,nv,bkl,0.29762223
8977,nv,bkl,0.201408
8978,nv,bcc,0.23440073
8981,nv,mel,0.32748365
8986,nv,akiec,0.30694333
8991,nv,mel,0.3131204
8994,nv,mel,0.33620042
8998,nv,akiec,0.45411187
9000,nv,df,0.36879778
9009,nv,bkl,0.40706968
9011,nv,akiec,0.2889738
9053,nv,akiec,0.33810347
9054,nv,df,0.2876846
9058,nv,mel,0.36984017
9061,nv,bcc,0.20606115
9062,nv,df,0.20085627
9064,nv,df,0.2993682
9068,nv,df,0.34596932
9075,nv,bcc,0.2734473
9076,nv,bcc,0.27385604
9077,nv,bcc,0.321383
9085,nv,akiec,0.30519396
9092,nv,nv,0.18986963
9097,nv,akiec,0.29607615
9105,nv,mel,0.28986958
9107,nv,bkl,0.35009193
9110,nv,df,0.21783333
9112,nv,bcc,0.32170075
9121,nv,vasc,0.2268389
9124,nv,bkl,0.53999877
9125,nv,akiec,0.36368424
9137,nv,vasc,0.30225596
9150,nv,akiec,0.31169996
9154,nv,vasc,0.31827644
9158,nv,mel,0.23555718
9161,nv,bkl,0.28219092
9163,nv,mel,0.46672505
9165,nv,df,0.20944044
9169,nv,bkl,0.35995486
9174,nv,nv,0.21532524
9187,nv,bkl,0.23504886
9192,nv,mel,0.34403533
9196,nv,mel,0.40356007
9214,nv,bkl,0.29174107
9215,nv,df,0.34760463
9218,nv,bkl,0.27661937
9224,nv,df,0.42128143
9230,nv,bcc,0.2791194
9236,nv,bkl,0.3315707
9237,nv,bkl,0.32812893
9248,nv,mel,0.613776
9252,nv,df,0.27903157
9262,nv,nv,0.3031069
9266,nv,df,0.4575821
9273,nv,vasc,0.3086032
9274,nv,vasc,0.71726555
9275,nv,mel,0.3570958
9280,nv,mel,0.27989855
9282,nv,df,0.35488242
9286,nv,bkl,0.28660753
9293,nv,bkl,0.38993132
9299,nv,vasc,0.3021783
9305,nv,mel,0.39854383
9311,nv,bkl,0.24731703
9317,nv,vasc,0.41001317
9323,nv,df,0.5817006
9331,nv,bcc,0.42586306
9339,nv,nv,0.24655484
9365,nv,df,0.2865362
9370,nv,mel,0.41248724
9380,nv,df,0.2914112
9387,nv,df,0.289451
9393,nv,mel,0.3787865
9410,nv,mel,0.40755835
9413,nv,mel,0.5302988
9418,nv,akiec,0.25693288
9433,nv,mel,0.34592128
9438,nv,mel,0.43558097
9439,nv,akiec,0.3119226
9444,nv,akiec,0.25565377
9451,nv,mel,0.4817613
9456,nv,mel,0.34364906
9461,nv,bkl,0.47953558
9475,nv,mel,0.37996367
9478,nv,mel,0.29288852
9482,nv,akiec,0.45449337
9490,nv,bkl,0.3278307
9492,nv,df,0.59064054
9497,nv,mel,0.23496796
9498,nv,mel,0.30448693
9503,nv,df,0.32885298
9504,nv,df,0.31322384
9510,nv,mel,0.25456324
9515,nv,df,0.35218564
9519,nv,bkl,0.3471535
9532,nv,df,0.36788085
9548,nv,bkl,0.3318864
9550,nv,df,0.22462623
9558,nv,vasc,0.25370735
9562,nv,vasc,0.34880334
9584,nv,nv,0.26175928
9595,nv,vasc,0.3744063
9618,nv,nv,0.26751316
9629,nv,df,0.38029134
9630,bkl,df,0.3226356
9632,nv,bkl,0.39000246
9634,nv,bkl,0.22533788
9663,nv,bkl,0.28767395
9664,nv,df,0.24637003
9680,nv,bkl,0.44369408
9683,nv,vasc,0.2619421
9685,nv,bkl,0.2946142
9691,akiec,akiec,0.6212875
9707,akiec,vasc,0.46399364
9708,akiec,akiec,0.32778925
9719,akiec,akiec,0.38090748
9731,akiec,akiec,0.25216225
9735,akiec,akiec,0.3911852
9736,akiec,akiec,0.44420227
9740,akiec,bkl,0.3148723
9749,akiec,akiec,0.54067165
9757,akiec,akiec,0.5681188
9758,akiec,akiec,0.5414126
9767,akiec,akiec,0.6491331
9786,akiec,akiec,0.31891367
9789,akiec,bcc,0.26343033
9792,akiec,df,0.4182826
9793,akiec,akiec,0.35046104
9808,akiec,akiec,0.33954424
9821,akiec,akiec,0.5261638
9825,akiec,akiec,0.51426816
9838,akiec,akiec,0.23834455
9843,akiec,df,0.36857638
9848,akiec,akiec,0.4294877
9853,akiec,akiec,0.24858953
9861,akiec,akiec,0.33353618
9874,akiec,akiec,0.6421424
9877,akiec,akiec,0.39692265
9878,akiec,akiec,0.515225
9888,akiec,bcc,0.3238303
9892,akiec,df,0.4397865
9902,akiec,akiec,0.352702
9903,akiec,akiec,0.26873213
9920,akiec,akiec,0.30141962
9923,akiec,akiec,0.2593659
9927,akiec,akiec,0.43058023
9929,akiec,akiec,0.3265318
9934,akiec,akiec,0.47542667
9944,akiec,mel,0.25868744
9946,akiec,akiec,0.28949234
9950,akiec,akiec,0.35750666
9951,akiec,akiec,0.5091908
9960,akiec,df,0.3918038
9966,akiec,akiec,0.562203
9971,akiec,akiec,0.6462625
9975,akiec,bcc,0.29394665
9991,akiec,akiec,0.45449945
10001,akiec,akiec,0.27616125
10008,akiec,akiec,0.4022999
10012,akiec,akiec,0.25059
10013,akiec,bkl,0.35833958
